,glycolytic flux,conc_mean_glc=20%,conc_sd_glc=20%,conc_mean_glc=40%,conc_sd_glc=40%,conc_mean_glc=60%,conc_sd_glc=60%,conc_mean_glc=80%,conc_sd_glc=80%,conc_mean_glc=100%,conc_sd_glc=100%
1,0.634919167215282,0.634919167215282,0.122219700799474,0.634919167215282,0.122219700799474,0.634919167215282,0.122219700799474,0.634919167215282,0.122219700799474,0.634919167215282,0.122219700799474
2,1.73135201801778,1.73135201801778,0.304657735716771,1.73135201801778,0.304657735716771,1.73135201801778,0.304657735716771,1.73135201801778,0.304657735716771,1.73135201801778,0.304657735716771
3,3.81863000585675,3.81863000585675,0.560575345753558,3.81863000585675,0.560575345753558,3.81863000585675,0.560575345753558,3.81863000585675,0.560575345753558,3.81863000585675,0.560575345753558
4,7.92086185337462,7.92086185337462,0.99286880337155,7.92086185337462,0.99286880337155,7.92086185337462,0.99286880337155,7.92086185337462,0.99286880337155,7.92086185337462,0.99286880337155
5,14.4754579660422,14.4754579660422,1.74236498631397,14.4754579660422,1.74236498631397,14.4754579660422,1.74236498631397,14.4754579660422,1.74236498631397,14.4754579660422,1.74236498631397
