carbon source	strain	aMG	ace	mu_mean	mu_sd	n_replicates	p-val (vs wt, same ace)	p-val (vs 0 mM ace, same strain)	relative growth change	rgc_sd	delta_pH_mean	delta_pH_sd
glucose	E_coli_K12_BW25113	100	0	0.40896677875	0.0189371430071295	0	NA	NA	NA	NA	-0.26	0.0804155872120988
glucose	E_coli_K12_BW25113	100	10	0.4403	0.0145934917000696	0	NA	0.0357583322601007	0.0900706972992893	0.0303200104928274	-0.19	0.0360555127546399
glucose	E_coli_K12_BW25113	0	0	0.614921561	0.0159127381554437	0	NA	NA	NA	NA	-0.282857142857143	0.0287020822207993
glucose	E_coli_K12_BW25113	0	10	0.575233333333333	0.00644696310935108	0	NA	0.000920751682298865	-0.039502309793692	0.00207756417436912	-0.173333333333333	0.0208166599946613
glycerol	E_coli_K12_BW25113	0	0	0.385220516	0.00434322570433176	0	NA	NA	NA	NA	-0.23	0.0529150262212918
glycerol	E_coli_K12_BW25113	0	10	0.408468794666667	0.00754206219269541	0	NA	0.0796633427167609	0.0605864061510601	0.0315349429706988	-0.16	0.06557438524302
galactose	E_coli_K12_BW25113	0	0	0.174578583666667	0.0207672539007448	0	NA	NA	NA	NA	-0.116666666666667	0.0404145188432738
galactose	E_coli_K12_BW25113	0	10	0.314314779333333	0.00694656072355818	0	NA	0.017255431309735	0.815324648253419	0.187945461589987	-0.00333333333333333	0.0351188458428425
